{
  "controller/Master-dbg.controller.js": 1597923642251,
  "controller/Master.controller.js": 1597923642251,
  "model/models.js": 1597923642251,
  "model/formatter.js": 1597923642251,
  "controller/NotFound.controller.js": 1597923642251,
  "manifest.json": 1597925181747,
  "controller/ListSelector.js": 1597923642251,
  "controller/ErrorHandler.js": 1597923642251,
  "controller/DetailObjectNotFound.js": 1597923642251,
  "controller/DetailObjectNotFound.controller.js": 1597923642251,
  "controller/Detail.controller.js": 1597923642251,
  "controller/BaseController.js": 1597923642251,
  "controller/App.controller.js": 1597923642247,
  "Component.js": 1597923642247,
  "manifest-bundle.zip": 1597925178142,
  "Component-preload.js": 1597925181136,
  "controller/ListSelector-dbg.js": 1597923642251,
  "model/formatter-dbg.js": 1597923642251,
  "controller/NotFound-dbg.controller.js": 1597923642251,
  "i18n/i18n.properties": 1597923642251,
  "model/models-dbg.js": 1597923642251,
  "controller/ErrorHandler-dbg.js": 1597923642251,
  "controller/DetailObjectNotFound-dbg.js": 1597923642251,
  "controller/DetailObjectNotFound-dbg.controller.js": 1597923642251,
  "controller/Detail-dbg.controller.js": 1597923642251,
  "controller/BaseController-dbg.js": 1597923642251,
  "controller/App-dbg.controller.js": 1597923642247,
  "Component-dbg.js": 1597923642247,
  "resources.json": 1597925181837,
  "view/ViewSettingsDialog.fragment.xml": 1597923642267,
  "view/NotFound.view.xml": 1597923642263,
  "view/Master.view.xml": 1597923642263,
  "view/DetailObjectNotFound.view.xml": 1597923642263,
  "view/Detail.view.xml": 1597923642263,
  "view/App.view.xml": 1597923642263,
  "test.html": 1597923642251,
  "index.html": 1597923642251
}